{"cameraMode":{"drawMode":0,"name":"Shaded","section":"Shading Mode"},"sceneLighting":false,"audioPlay":false,"sceneViewState":{"m_AlwaysRefresh":false,"showFog":true,"showSkybox":true,"showFlares":true,"showImageEffects":true,"showParticleSystems":true,"showVisualEffectGraphs":true,"m_FxEnabled":true},"in2DMode":false,"pivot":{"x":7.375476837158203,"y":11.486650466918946,"z":-3.7046470642089845},"rotation":{"x":0.07126790285110474,"y":0.6324290633201599,"z":-0.058600615710020068,"w":0.7691077589988709},"size":12.294957160949707,"orthographic":true}