{"cameraMode":{"drawMode":0,"name":"Shaded","section":"Shading Mode"},"sceneLighting":false,"audioPlay":false,"sceneViewState":{"m_AlwaysRefresh":false,"showFog":true,"showSkybox":true,"showFlares":true,"showImageEffects":true,"showParticleSystems":true,"showVisualEffectGraphs":true,"m_FxEnabled":true},"in2DMode":false,"pivot":{"x":-15.82016372680664,"y":0.24291345477104188,"z":-12.993240356445313},"rotation":{"x":0.24729634821414948,"y":0.4541149139404297,"z":-0.13280890882015229,"w":0.8455751538276672},"size":1.8742859363555909,"orthographic":true}